ID,Name,Age,PassportNumber,Address
1,Ruslan,22,1234567890,Moscow
2,Kkk,24,1234567890987,Dasdadad
3,Kdaaa,25,1234567890464,Fsadasda
4,Dasdadadada,22,1234567789,Dasdadada
5,Ruslan,21,1233456789,Moscow
6,Powpowpow,25,1243567892,Popo
7,John,34,1122334455,Rostov
8,Max,22,123455,Rostov
9,Max,22,112233,Rostov
10,Lion,44,115566,Rostov
11,Prince,88,345678,Moscow
12,Rostov,44,225588,Rostov
13,John,45,115599,Surgut
14,Timotey,23,224488,Tula
15,Lionel,37,777777,Rosario
16,Just,59,112266,Moscow
17,Ruslan,21,102030,Moscow
18,Ruslan,120,102030,Lol
19,Mixa,20,102030,Rostov
20,Guest,25,123789,Moscow
21,Alex,56,164978,London
